modelo,params,T_dias,T_horas,MAPE,MAE,RMSE,MSE,R2,LjungBox_p
LSTM,"{'hidden_units': 32, 'activation': 'tanh', 'learning_rate': 0.001, 'epochs': 50, 'batch_size': 32}",7,168,0.608874070880125,1.3132391045034448,1.5853787865457474,2.860563695908781,-2.034662544363413,0.0310456286741219
LSTM,"{'hidden_units': 32, 'activation': 'tanh', 'learning_rate': 0.005, 'epochs': 50, 'batch_size': 32}",7,168,0.6152742865333922,1.2496000846708455,1.5063984363510023,2.752699333605824,-2.03771188298201,0.0431237928689411
LSTM,"{'hidden_units': 32, 'activation': 'sigmoid', 'learning_rate': 0.001, 'epochs': 50, 'batch_size': 32}",7,168,0.5125695056781648,1.1090303305291838,1.3528352749347596,2.134351789921608,-1.2332398162470706,0.0762144567024135
LSTM,"{'hidden_units': 32, 'activation': 'sigmoid', 'learning_rate': 0.005, 'epochs': 50, 'batch_size': 32}",7,168,0.5379413635504389,0.9114890246062756,1.1185163670995175,1.3622014806958211,-0.43835244799953926,0.08975887286964773
