modelo,params,T_dias,T_horas,MAPE,MAE,RMSE,MSE,R2,LjungBox_p
mlp,"{'hidden_layers': [16, 32], 'activation': 'tanh', 'learning_rate': 0.01, 'epochs': 50, 'batch_size': 32}",14,336,69145674672740.33,0.9645122987915686,1.177674772394152,1.5155707661358468,-0.6201020542692642,0.10443474623860736
mlp,"{'hidden_layers': [16, 32], 'activation': 'linear', 'learning_rate': 0.01, 'epochs': 50, 'batch_size': 32}",14,336,74984030506458.9,0.9641811644198833,1.1744778652568604,1.488284095652872,-0.6063718883929478,0.07364551698527864
mlp,"{'hidden_layers': [16, 32], 'activation': 'relu', 'learning_rate': 0.01, 'epochs': 50, 'batch_size': 32}",14,336,65898566677314.016,1.0354898437180302,1.2436154817819076,1.6579392288272596,-0.8304440444180253,0.09677560563412567
mlp,"{'hidden_layers': [32], 'activation': 'tanh', 'learning_rate': 0.01, 'epochs': 50, 'batch_size': 32}",14,336,81176437309369.7,0.9887858990983014,1.203119035725224,1.5692406975175588,-0.7318178525997984,0.12455843483595486
mlp,"{'hidden_layers': [32], 'activation': 'linear', 'learning_rate': 0.01, 'epochs': 50, 'batch_size': 32}",14,336,77065533794278.0,1.0028032957668942,1.2233544897272044,1.6077437788158444,-0.7117401016207432,0.06587279254028569
mlp,"{'hidden_layers': [32], 'activation': 'relu', 'learning_rate': 0.01, 'epochs': 50, 'batch_size': 32}",14,336,62712709392358.25,1.386178545989963,1.699819547763966,3.1977244447425863,-2.7572771697626357,0.06379176894579408
mlp,"{'hidden_layers': [64], 'activation': 'tanh', 'learning_rate': 0.01, 'epochs': 50, 'batch_size': 32}",14,336,75113441089988.81,1.0238408297074564,1.2383067720145244,1.6738457828863096,-0.8407041395687866,0.16831556877177098
mlp,"{'hidden_layers': [64], 'activation': 'linear', 'learning_rate': 0.01, 'epochs': 50, 'batch_size': 32}",14,336,77243338293674.12,0.9623716800695377,1.1702034226786016,1.4805094302927644,-0.6005986368850215,0.06209413113613445
mlp,"{'hidden_layers': [64], 'activation': 'relu', 'learning_rate': 0.01, 'epochs': 50, 'batch_size': 32}",14,336,79992921071652.22,1.290839307711387,1.5643888555643288,2.715356162453071,-2.2726350836369513,0.036332909758896026
