modelo,params,T_dias,T_horas,MAPE,MAE,RMSE,MSE,R2,LjungBox_p
mlp,"{'hidden_layers': [16, 32], 'activation': 'tanh', 'learning_rate': 0.01, 'epochs': 50, 'batch_size': 32}",7,168,94061331649577.95,1.0285272438215576,1.2404768968043702,1.6598854547797366,-0.8763206375009793,0.1026572234689425
mlp,"{'hidden_layers': [16, 32], 'activation': 'linear', 'learning_rate': 0.01, 'epochs': 50, 'batch_size': 32}",7,168,88243539414305.5,0.9959780359142649,1.1994829476690132,1.5755637773432059,-0.7993292225142254,0.07274146754682766
mlp,"{'hidden_layers': [16, 32], 'activation': 'relu', 'learning_rate': 0.01, 'epochs': 50, 'batch_size': 32}",7,168,90473800194446.27,1.01820365883352,1.224930338531842,1.666849697686218,-0.8923701864060816,0.045324660109902735
mlp,"{'hidden_layers': [32], 'activation': 'tanh', 'learning_rate': 0.01, 'epochs': 50, 'batch_size': 32}",7,168,88753206162744.05,1.091175544652201,1.3151075190456392,1.8925704449193788,-1.1241590202603229,0.16698180347712588
mlp,"{'hidden_layers': [32], 'activation': 'linear', 'learning_rate': 0.01, 'epochs': 50, 'batch_size': 32}",7,168,79674159431560.69,1.0705980904809724,1.300077801479971,1.8213854918459065,-1.0936382635270145,0.05056662262975569
mlp,"{'hidden_layers': [32], 'activation': 'relu', 'learning_rate': 0.01, 'epochs': 50, 'batch_size': 32}",7,168,108394086568041.78,1.2350198321120562,1.489482103098427,2.5299117690603836,-1.7824177531222367,0.0664985196437843
mlp,"{'hidden_layers': [64], 'activation': 'tanh', 'learning_rate': 0.01, 'epochs': 50, 'batch_size': 32}",7,168,94880678089169.86,1.093250400581203,1.3104072482148579,1.8674469292266869,-1.104311610636518,0.12036955704226493
mlp,"{'hidden_layers': [64], 'activation': 'linear', 'learning_rate': 0.01, 'epochs': 50, 'batch_size': 32}",7,168,89867654429160.28,0.9989502564181777,1.2084897933107528,1.5989363350366077,-0.7976208121027301,0.07351353959903652
mlp,"{'hidden_layers': [64], 'activation': 'relu', 'learning_rate': 0.01, 'epochs': 50, 'batch_size': 32}",7,168,74927059961008.98,1.0742772779512755,1.3110934575705635,1.9416500055941757,-1.178742022829946,0.0642265278569646
