modelo,params,T_dias,T_horas,MAPE,MAE,RMSE,MSE,R2,LjungBox_p
mlp,"{'hidden_layers': [16, 32], 'activation': 'tanh', 'learning_rate': 0.01, 'epochs': 50, 'batch_size': 32}",21,504,69598000916296.4,0.939345378858387,1.1416055444519886,1.4288190612405816,-0.5892496702677924,0.13530208384449283
mlp,"{'hidden_layers': [16, 32], 'activation': 'linear', 'learning_rate': 0.01, 'epochs': 50, 'batch_size': 32}",21,504,64449704380015.664,0.9928033993357703,1.1905422806297479,1.538471218518221,-0.7227502514395289,0.08047728603389667
mlp,"{'hidden_layers': [16, 32], 'activation': 'relu', 'learning_rate': 0.01, 'epochs': 50, 'batch_size': 32}",21,504,61237993808696.19,1.0458826736847637,1.2713810861163624,1.7298571267374205,-0.9792313423702723,0.08369094466885124
mlp,"{'hidden_layers': [32], 'activation': 'tanh', 'learning_rate': 0.01, 'epochs': 50, 'batch_size': 32}",21,504,72076521671902.77,0.9360130893017249,1.1365656665056552,1.4043332127810266,-0.5831194341854761,0.17656787605992577
mlp,"{'hidden_layers': [32], 'activation': 'linear', 'learning_rate': 0.01, 'epochs': 50, 'batch_size': 32}",21,504,51168682302665.09,1.0276635645164385,1.2507789663231945,1.6884844472886984,-0.9346995910265452,0.08450089411263306
mlp,"{'hidden_layers': [32], 'activation': 'relu', 'learning_rate': 0.01, 'epochs': 50, 'batch_size': 32}",21,504,63838293451316.35,1.5352392463491507,1.8663310596763607,3.889367327129651,-3.7031037930738786,0.041138317949111915
mlp,"{'hidden_layers': [64], 'activation': 'tanh', 'learning_rate': 0.01, 'epochs': 50, 'batch_size': 32}",21,504,74461467727189.98,0.9641398306246156,1.1703929055892652,1.4947772622577402,-0.7066793711595213,0.16072161950902944
mlp,"{'hidden_layers': [64], 'activation': 'linear', 'learning_rate': 0.01, 'epochs': 50, 'batch_size': 32}",21,504,62624268536274.555,0.9736591980097785,1.1818717078142378,1.5222222001634476,-0.7072365368066075,0.06032429874202641
mlp,"{'hidden_layers': [64], 'activation': 'relu', 'learning_rate': 0.01, 'epochs': 50, 'batch_size': 32}",21,504,79652486245642.31,1.3624417668862008,1.6643224000058656,3.096247029335061,-2.712899206172036,0.06827062678901796
