modelo,params,T_dias,T_horas,MAPE,MAE,RMSE,MSE,R2,LjungBox_p
MLP,"{'hidden_layers': [32], 'activation': 'tanh', 'learning_rate': 0.01, 'epochs': 50, 'batch_size': 32}",7,168,111172296264205.9,0.8017585182267186,0.9592499593701823,1.0473349870630524,-0.20464967023686556,0.35537472323658603
MLP,"{'hidden_layers': [64], 'activation': 'tanh', 'learning_rate': 0.01, 'epochs': 50, 'batch_size': 32}",7,168,111992497459679.11,0.8008680521656821,0.957135262308012,1.0429459191978974,-0.20431663513098097,0.35666827575395454
